,Timestamp,"power MAX, GW","power MIN, GW","power GUESS, GW","annualised consumption MAX, TWh","annualised consumption MIN, TWh","annualised consumption GUESS, TWh",Date and Time,Global emissions,GUESS,MAX_CO2,MIN_CO2,GUESS_CO2,intensity
4216,1643673600,34.351993890857145,5.676849862857142,13.828400167908168,301.1295784472537,49.76326589780571,121.21975587188298,2022-02-01,61.423427569344824,121.21975587188298,121.34097562775486,2.5456148733095425,61.423427569344824,506.71136175412835
4217,1643760000,34.170136673142856,5.80650919,13.9550588884906,299.5354180767703,50.899859559540005,122.3300462165086,2022-02-02,61.986024301812535,122.3300462165086,122.45237626272511,2.5689309705466807,61.986024301812535,506.71136175412835
4218,1643846400,33.844062959999995,5.896707167857143,14.03589749156231,296.67705590735994,51.69053503343572,123.0386774110352,2022-02-03,62.345095779372556,123.0386774110352,123.16171608844624,2.583812225631739,62.345095779372556,506.71136175412835
4219,1643932800,32.36793211542857,5.762599872857144,13.625498772437192,283.73729292384684,50.51495048546571,119.44112223918444,2022-02-04,60.52217369925845,119.44112223918444,119.56056336142362,2.508263567022873,60.52217369925845,506.71136175412835
4220,1644019200,30.730014432,5.59466674,13.139026428846469,269.379306510912,49.04284864284,115.17670567526814,2022-02-05,58.36134537506956,115.17670567526814,115.2918823809434,2.418710819180631,58.36134537506956,506.71136175412835
4221,1644105600,31.04825521371428,5.652605245714286,13.235539406386556,272.16900520341943,49.55073758393143,116.02273843638454,2022-02-06,58.790039787543456,116.02273843638454,116.13876117482093,2.436477507164075,58.790039787543456,506.71136175412835
4222,1644192000,30.83898594857143,5.614505953571428,13.146330154971988,270.33455082517713,49.216759189007135,115.24073013848444,2022-02-07,58.39378729801147,115.24073013848444,115.35597086862292,2.4200553329081735,58.39378729801147,506.71136175412835
4223,1644278400,30.847449301714285,5.616046780714286,13.14993799197479,270.4087405788274,49.23026607974143,115.27235643765104,2022-02-08,58.40981270312942,115.27235643765104,115.3876287940887,2.4207194851906717,58.40981270312942,506.71136175412835
4224,1644364800,31.126097566285715,5.544164215,13.034451266675717,272.85137126606054,48.60014350869,114.25999980367932,2022-02-09,57.896840094548786,114.25999980367932,114.374259803483,2.3994599958772658,57.896840094548786,506.71136175412835
4225,1644451200,31.841342537142857,5.545636939285714,13.093366908975437,279.1212086805943,48.61305340977857,114.77645432407868,2022-02-10,58.15853346786442,114.77645432407868,114.89123077840277,2.4103055408056524,58.15853346786442,506.71136175412835
4226,1644537600,32.897300364,5.613518462142856,13.305891685253178,288.377734990824,49.20810283914428,116.63944651292935,2022-02-11,59.10253277681425,116.63944651292935,116.75608595944229,2.449428376771517,59.10253277681425,506.71136175412835
4227,1644624000,35.90621514,5.997541960714286,14.275640440413705,314.75388191724,52.57445282762143,125.14026410066651,2022-02-12,63.40999363271999,125.14026410066651,125.26540436476719,2.627945546113997,63.40999363271999,506.71136175412835
4228,1644710400,36.96082307142858,6.0088342657142855,14.423088357860138,323.99857504414285,52.67344117325143,126.43279254500196,2022-02-13,64.06493248085515,126.43279254500196,126.55922533754695,2.655088643445041,64.06493248085515,506.71136175412835
4229,1644796800,38.449317348,6.104838012142857,14.765058216443302,337.046715872568,53.51501001444428,129.43050032534197,2022-02-14,65.58390507237218,129.43050032534197,129.55993082566732,2.7180405068321813,65.58390507237218,506.71136175412835
4230,1644883200,40.30639633371429,6.223434881428572,15.244059645323633,353.3258702613394,54.55463017060286,133.62942685090692,2022-02-15,67.71154885004673,133.62942685090692,133.76305627775784,2.806217963869045,67.71154885004673,506.71136175412835
4231,1644969600,41.203996602857146,6.313794603571429,15.582261949986224,361.19423422064574,55.346723494907145,136.59410825357926,2022-02-16,69.21378660076198,136.59410825357926,136.73070236183284,2.8684762733251645,69.21378660076198,506.71136175412835
4232,1645056000,42.039176873142864,6.392687507142858,15.89669034201268,368.51542446997024,56.03829868761428,139.35038753808317,2022-02-17,70.61042463038764,139.35038753808317,139.48973792562126,2.926358138299747,70.61042463038764,506.71136175412835
4233,1645142400,42.27406510114286,6.383702186428572,15.983587345352118,370.5744546766183,55.95953336623285,140.11212666935668,2022-02-18,70.99640650289665,140.11212666935668,140.25223879602603,2.9423546600564903,70.99640650289665,506.71136175412835
4234,1645228800,41.49245176285715,6.209350359285714,15.684380572136815,363.7228321532057,54.43116524949857,137.48928009535132,2022-02-19,69.66738034371024,137.48928009535132,137.62676937544668,2.887274882002378,69.66738034371024,506.71136175412835
4235,1645315200,41.31879838971429,6.1691866992857145,15.642901140610858,362.2005866842355,54.079090605938575,137.1256713985948,2022-02-20,69.4831356858311,137.1256713985948,137.26279706999338,2.8796390993704906,69.4831356858311,506.71136175412835
4236,1645401600,40.419197475428575,6.032989497857143,15.305525958335924,354.3146850696068,52.88518593821572,134.16824055077274,2022-02-21,67.98457187363752,134.16824055077274,134.30240879132353,2.8175330515662274,67.98457187363752,506.71136175412835
4237,1645488000,39.49179315085714,5.9441578335714285,14.9563167160378,346.1850587604137,52.10648756908714,131.10707233278734,2022-02-22,66.43344315734367,131.10707233278734,131.23817940512012,2.753248518988534,66.43344315734367,506.71136175412835
4238,1645574400,39.209559072,5.9507893492857145,14.851699190649928,343.710994825152,52.16461943583857,130.18999510523727,2022-02-23,65.96874970653808,130.18999510523727,130.3201851003425,2.733989897209983,65.96874970653808,506.71136175412835
4239,1645660800,37.39777519885714,5.822841106428571,14.366940764461008,327.8288973931817,51.04302513895286,125.94060274126518,2022-02-24,63.81553431516219,125.94060274126518,126.06654334400645,2.6447526575665687,63.81553431516219,506.71136175412835
4240,1645747200,36.430430297142856,5.822841106428571,14.205424069395647,319.34915198475426,51.04302513895285,124.52474739232224,2022-02-25,63.09810432325244,124.52474739232224,124.64927213971457,2.615019695238767,63.09810432325244,506.71136175412835
4241,1645833600,34.57472149714285,5.680821110714285,13.693288057954629,303.0820086439543,49.79807785652143,120.03536311603028,2022-02-26,60.82328230317498,120.03536311603028,120.15539847914631,2.520742625436636,60.82328230317498,506.71136175412835
4242,1645920000,33.275158270285715,5.633481112142857,13.40887117000334,291.69003739732455,49.38309542904428,117.54216467624926,2022-02-27,59.559950326630265,117.54216467624926,117.6597068409255,2.4683854582012343,59.559950326630265,506.71136175412835
4243,1646006400,33.47309957657143,5.816924670714286,13.739695704549453,293.4251908882252,50.99116166348143,120.4421725460805,2022-02-28,61.02941726345014,120.4421725460805,120.56261471862658,2.5292856234676906,61.02941726345014,506.71136175412835
4244,1646092800,33.03193807542857,5.8760975407142855,13.81815145767313,289.55796916920684,51.50987104190143,121.12991567796269,2022-03-01,61.377904522343215,121.12991567796269,121.25104559364065,2.543728229237216,61.377904522343215,506.71136175412835
4245,1646179200,31.820805051428568,5.793254671428571,13.564869146498598,278.94117708082285,50.783670449742864,118.90964293820672,2022-03-02,60.25286709891589,118.90964293820672,119.02855258114492,2.497102501702341,60.25286709891589,506.71136175412835
4246,1646265600,32.31857646514286,5.883878292142856,13.77706378082633,283.3046412934423,51.57807710892428,120.76974110272364,2022-03-03,61.195399972854624,120.76974110272364,120.89051084382638,2.5361645631571967,61.195399972854624,506.71136175412835
4247,1646352000,32.41375411885714,5.901206212857143,13.817636997507003,284.1389686059017,51.72997366190572,121.1254059201464,2022-03-04,61.375619376818946,121.1254059201464,121.24653132606655,2.5436335243230745,61.375619376818946,506.71136175412835
4248,1646438400,32.289165143999995,5.878523705,13.764526048921567,283.04682165230395,51.53113879803,120.65983534484648,2022-03-05,61.13970947661607,120.65983534484648,120.78049518019132,2.533856542241776,61.13970947661607,506.71136175412835
4249,1646524800,32.06317958742857,5.837381066428571,13.668190821106444,281.0658322633989,51.17048242831286,119.81536073781908,2022-03-06,60.71180459852243,119.81536073781908,119.9351760985569,2.5161225754942005,60.71180459852243,506.71136175412835
4250,1646611200,31.796467066285715,5.788823729285714,13.554494123515408,278.72783030306056,50.74482881091857,118.81869548673606,2022-03-07,60.20678299193313,118.81869548673606,118.93751418222281,2.4951926052214577,60.20678299193313,506.71136175412835
4251,1646697600,31.269728540571432,5.692926393571428,13.329951118893558,274.11044038664915,49.90419276604715,116.85035150822092,2022-03-08,59.20940073417919,116.85035150822092,116.96720185972916,2.4538573816726394,59.20940073417919,506.71136175412835
4252,1646784000,31.267881565714283,5.692590135714286,13.3291637732493,274.0942498050514,49.90124512967143,116.84344963630336,2022-03-09,59.20590347726119,116.84344963630336,116.96029308593965,2.4537124423623706,59.20590347726119,506.71136175412835
4253,1646870400,31.122391381714287,5.666102380714286,13.267142862563023,272.81888285210744,49.66905346934143,116.29977433322748,2022-03-10,58.93041702408752,116.29977433322748,116.4160741075607,2.442295260997777,58.93041702408752,506.71136175412835
4254,1646956800,31.090384944,5.66027533,13.253498860196078,272.538314419104,49.61797354278,116.18017100847884,2022-03-11,58.86981266053381,116.18017100847884,116.29635117948732,2.4397835911780557,58.86981266053381,506.71136175412835
4255,1647043200,32.14699483885714,5.852640362857143,13.703920367114844,281.80055675742176,51.30424542080572,120.12856593812872,2022-03-12,60.8705092320798,120.12856593812872,120.24869450406686,2.522699884700703,60.8705092320798,506.71136175412835
4256,1647129600,32.78738076685714,5.969228197857143,13.976910044859943,287.41417980226976,52.32625438241572,122.52159345324226,2022-03-13,62.08308346297808,122.52159345324226,122.6441150466955,2.5729534625180874,62.08308346297808,506.71136175412835
4257,1647216000,32.94748309371428,5.998376220714285,14.045159955896358,288.81763679949944,52.58176595078144,123.11987217338748,2022-03-14,62.386238087971385,123.11987217338748,123.24299204556087,2.585517315641137,62.386238087971385,506.71136175412835
4258,1647302400,32.659308257142854,5.945911482142857,13.922314102591036,286.29149618211426,52.12186005246429,122.04300542331303,2022-03-15,61.84057747061342,122.04300542331303,122.16504842873634,2.5629031138895737,61.84057747061342,506.71136175412835
4259,1647388800,33.203628113142855,6.045009652142857,14.154351840434174,291.0630040398103,52.99055461068429,124.07704823324596,2022-03-16,62.871250072700725,124.07704823324596,124.20112528147921,2.605618012898165,62.871250072700725,506.71136175412835
4260,1647475200,33.645896763428574,6.125528511428571,14.342886239831932,294.93993102821486,53.69638293118286,125.72974077836672,2022-03-17,63.70868816279976,125.72974077836672,125.85547051914507,2.640324556345701,63.70868816279976,506.71136175412835
4261,1647561600,33.78975038742857,6.151718316428571,14.404209502478992,296.2009518961989,53.92596276181286,126.26730049873083,2022-03-18,63.98107578072963,126.26730049873083,126.39356779922956,2.6516133104733477,63.98107578072963,506.71136175412835
4262,1647648000,33.740162619428574,6.14269043142857,14.383070766890755,295.76626552191084,53.84682432190285,126.08199834256438,2022-03-19,63.887181072842544,126.08199834256438,126.20808034090693,2.647721965193852,63.887181072842544,506.71136175412835
4263,1647734400,33.81874087885714,6.156996287857142,14.416567839173668,296.45508254406167,53.97222945935572,126.3756336781964,2022-03-20,64.03596943361978,126.3756336781964,126.50200931187459,2.6538883072421244,64.03596943361978,506.71136175412835
4264,1647820800,33.80136996342857,6.153833761428571,14.409162803557422,296.30280909941484,53.944506752682855,126.31072113598437,2022-03-21,64.0030775109606,126.31072113598437,126.43703185712035,2.652525143855671,64.0030775109606,506.71136175412835
4265,1647907200,34.104671290285715,6.209052409285714,14.53845691802521,298.96154853064456,54.42855341979857,127.444113343409,2022-03-22,64.57738021978625,127.444113343409,127.5715574567524,2.676326380211589,64.57738021978625,506.71136175412835
4266,1647993600,33.76803089828572,6.147764094285714,14.394950716358542,296.01055885437256,53.89130005050857,126.186137979599,2022-03-23,63.93994981013694,126.186137979599,126.3123241175786,2.649908897571579,63.93994981013694,506.71136175412835
4267,1648080000,33.24550066971428,6.052632915714286,14.172201663837535,291.4300588707154,53.05738013915143,124.23351978519985,2022-03-24,62.95053598586706,124.23351978519985,124.35775330498505,2.6089039154891966,62.95053598586706,506.71136175412835
4268,1648166400,34.43215342628572,6.128146215,14.409559501349923,301.8322569348206,53.71932972069,126.31419858883343,2022-03-25,64.00483957582918,126.31419858883343,126.44051278742226,2.652598170365502,64.00483957582918,506.71136175412835
4269,1648252800,35.420204376,6.1629978521428574,14.553648996096314,310.493511560016,54.02483917188429,127.57728709978028,2022-03-26,64.64486087522705,127.57728709978028,127.70486438688005,2.679123029095386,64.64486087522705,506.71136175412835
4270,1648339200,35.334550692,6.029397072142857,14.29166498472829,309.742671366072,52.85369473440429,125.2807352561282,2022-03-27,63.48117196319115,125.2807352561282,125.40601599138431,2.630895440378692,63.48117196319115,506.71136175412835
4271,1648425600,36.55336969542857,6.064248709285714,14.49852016805116,320.4268387501269,53.159204185598576,127.09402779313646,2022-03-28,64.39998789387721,127.09402779313646,127.2211218209296,2.668974583655866,64.39998789387721,506.71136175412835
4272,1648512000,37.68718977257144,6.075864502857144,14.704378339706157,330.36590554636115,53.26102823204571,128.89858052586416,2022-03-29,65.3143752664348,128.89858052586416,129.02747910639002,2.7068701910431474,65.3143752664348,506.71136175412835
4273,1648598400,38.32476853028572,6.017777022142857,14.728095814572324,335.95492093648454,52.75183337610429,129.106487910541,2022-03-30,65.41972430044314,129.106487910541,129.23559439845155,2.711236246121361,65.41972430044314,506.71136175412835
4274,1648684800,39.320379012,6.015138036428572,14.804897798862186,344.682442419192,52.728700027332856,129.7797341048259,2022-03-31,65.76086579634503,129.7797341048259,129.90951383893074,2.725374416201344,65.76086579634503,506.71136175412835
4275,1648771200,39.296282933142855,5.961856063571429,14.705068100169878,344.47121619193024,52.26163025326714,128.90462696608913,2022-04-01,65.31743906639495,128.90462696608913,129.03353159305522,2.706997166287872,65.31743906639495,506.71136175412835
4276,1648857600,38.84427031542857,5.843233655714286,14.446666102101196,340.50887358504684,51.22178622599143,126.63947505101908,2022-04-02,64.16966085492984,126.63947505101908,126.7661145260701,2.6594289760714003,64.16966085492984,506.71136175412835
4277,1648944000,39.66027849942857,5.92306723,14.667015418373174,347.66200132599084,51.92160733818,128.57105715745925,2022-04-03,65.14841545442404,128.57105715745925,128.6996282146167,2.699992200306644,65.14841545442404,506.71136175412835
4278,1649030400,39.975199488,5.955186240000001,14.712750402111824,350.42259871180795,52.20316257984,128.97197002491222,2022-04-04,65.35156255943589,128.97197002491222,129.10094199493713,2.708411370523157,65.35156255943589,506.71136175412835
4279,1649116800,39.974885196,5.9551394192857146,14.621879186550771,350.41984362813594,52.20275214945857,128.1753929493041,2022-04-05,64.94792790471237,128.1753929493041,128.30356834225339,2.6916832519353857,64.94792790471237,506.71136175412835
4280,1649203200,40.801444584,6.078273641428572,14.841397337763734,357.665463223344,53.282146740762855,130.09968906283692,2022-04-06,65.92299060881876,130.09968906283692,130.22978875189975,2.732093470319575,65.92299060881876,506.71136175412835
4281,1649289600,40.846559772,6.084994542142858,14.857807845722524,358.06094296135194,53.34106215642429,130.24354357560367,2022-04-07,65.99588332487728,130.24354357560367,130.37378711917927,2.7351144150876774,65.99588332487728,506.71136175412835
4282,1649376000,40.562325516,6.042651590714286,14.75441852768956,355.569345473256,52.96988384420143,129.33723281372667,2022-04-08,65.53664536455418,129.33723281372667,129.4665700465404,2.7160818890882603,65.53664536455418,506.71136175412835
4283,1649462400,41.293197276,6.151531033571429,15.020270835217032,361.976167321416,53.92432104028715,131.6676941415125,2022-04-09,66.71751659747187,131.6676941415125,131.79936183565403,2.7650215769717623,66.71751659747187,506.71136175412835
4284,1649548800,41.33382666,6.157583675,15.035049646057692,362.33232450156,53.97737849505,131.79724519734174,2022-04-10,66.78316158938779,131.79724519734174,131.92904244253907,2.7677421491441763,66.78316158938779,506.71136175412835
4285,1649635200,40.481152464,6.030559077142857,14.724892084934066,354.857782499424,52.86388087023429,129.078404016532,2022-04-11,65.40549387226648,129.078404016532,129.20748242054853,2.710646484347172,65.40549387226648,506.71136175412835
4286,1649721600,40.70646900342857,6.0789504135714285,14.775699124246284,356.83290728405484,53.28807932536714,129.5237785231429,2022-04-12,65.63117019500187,129.5237785231429,129.65330230166606,2.719999348986001,65.63117019500187,506.71136175412835
4287,1649808000,39.26739360514286,6.018466563571429,14.503963116013423,344.21797234268234,52.75787789626714,127.14174067497368,2022-04-13,64.42416455320615,127.14174067497368,127.26888241564866,2.6699765541744473,64.42416455320615,506.71136175412835
4288,1649894400,38.20920350228572,6.011205096428571,14.365017306586171,334.9418779010366,52.69422387529285,125.9237417095344,2022-04-14,63.8069906388133,125.9237417095344,126.04966545124392,2.644398575900222,63.8069906388133,506.71136175412835
4289,1649980800,37.95146463257142,6.144299361428572,14.55176311160903,332.68253896912114,53.86092820228286,127.56075543636476,2022-04-15,64.63648409354572,127.56075543636476,127.68831619180112,2.67877586416366,64.63648409354572,506.71136175412835
4290,1650067200,36.134950933714286,6.019130566428572,14.12890210681046,316.75897988493944,52.763698545312856,123.85395586830047,2022-04-16,62.75820663666225,123.85395586830047,123.97780982416879,2.60093307323431,62.75820663666225,506.71136175412835
4291,1650153600,35.86321136742857,6.157736906428572,14.322982507471448,314.37691084687884,53.978721721752855,125.5552646604947,2022-04-17,63.620279131519254,125.5552646604947,125.6808199251552,2.6366605578703886,63.620279131519254,506.71136175412835
4292,1650240000,34.69636780457143,6.129350784285714,14.13643697446958,304.1483601748731,53.729888975048574,123.92000651820034,2022-04-18,62.79167525141776,123.92000651820034,124.04392652471853,2.602320136882207,62.79167525141776,506.71136175412835
4293,1650326400,32.651335872,5.944460040000001,13.64385157344,286.221610253952,52.10913671064,119.60200289277503,2022-04-19,60.60369375431923,119.60200289277503,119.72160489566781,2.511642060748276,60.60369375431923,506.71136175412835
4294,1650412800,33.248633513142856,6.053203277142857,13.89344137254857,291.4575213762103,53.062379927434286,121.78990707176078,2022-04-20,61.71232966024065,121.78990707176078,121.91169697883254,2.557588048506976,61.71232966024065,506.71136175412835
4295,1650499200,34.247519598857146,6.235059187857142,14.31084094069143,300.2137568035817,54.65652884075571,125.44883168610106,2022-04-21,63.56634833412871,125.44883168610106,125.57428051778716,2.634425465408122,63.56634833412871,506.71136175412835
4296,1650585600,33.49301868,6.097695725,13.9955613886,293.59980174888,53.45240072535,122.6850911324676,2022-04-22,62.165929594661996,122.6850911324676,122.80777622360007,2.57638691378182,62.165929594661996,506.71136175412835
4297,1650672000,34.44432762857143,6.2708898035714284,14.393080134714284,301.9389759920571,54.97062001810714,126.16974046090544,2022-04-23,63.93164100111034,126.16974046090544,126.29591020136634,2.649564549679014,63.93164100111034,506.71136175412835
4298,1650758400,34.64113565828571,6.306720419285713,14.47531932873714,303.6641951805326,55.28471119545857,126.8906492357098,2022-04-24,64.29693366809195,126.8906492357098,127.01753988494552,2.6647036339499057,64.29693366809195,506.71136175412835
4299,1650844800,35.55964326857143,6.473942728571429,14.859131542514287,311.7158328922971,56.75058195865714,130.25514710168025,2022-04-25,66.0017629633767,130.25514710168025,130.38540224878193,2.735358089135285,66.0017629633767,506.71136175412835
4300,1650931200,36.08451143999999,6.569499549999999,15.0784555988,316.31682728304,57.5882330553,132.1777417790808,2022-04-26,66.97596353046357,132.1777417790808,132.3099195208599,2.775732577360697,66.97596353046357,506.71136175412835
4301,1651017600,36.52921155085714,6.650461077857143,15.264280225731428,320.21506845481366,58.29794180849572,133.80668045876172,2022-04-27,67.80136526705867,133.80668045876172,133.9404871392205,2.809940289633996,67.80136526705867,506.71136175412835
4302,1651104000,35.55608959542857,6.473295751428572,14.857646586765712,311.68468139352683,56.74491055702286,130.24212997958824,2022-04-28,65.99516703971534,130.24212997958824,130.37237210956783,2.735084729571353,65.99516703971534,506.71136175412835
4303,1651190400,36.321578845714285,6.612659735714286,15.177517778342857,318.3949601615314,57.96657524327144,133.0461208449535,2022-04-29,67.41598106945071,133.0461208449535,133.17916696579843,2.7939685377440235,67.41598106945071,506.71136175412835
4304,1651276800,36.16856048571429,6.584801410714285,15.113576756142855,317.0536012177714,57.72236916632143,132.48561384434828,2022-04-30,67.13196580390131,132.48561384434828,132.61809945819263,2.782197890731314,67.13196580390131,506.71136175412835
4305,1651363200,36.341778672,6.544961455714287,15.159536550888069,318.572031838752,57.37313212079143,132.8884974050848,2022-05-01,67.33611148159046,132.8884974050848,133.02138590248987,2.790658445506781,67.33611148159046,506.71136175412835
4306,1651449600,36.56783436685714,6.517732937857142,15.228682842785547,320.5536360598697,57.13444693325572,133.4946337998581,2022-05-02,67.64324767959478,133.4946337998581,133.62812843365796,2.80338730979702,67.64324767959478,506.71136175412835
4307,1651536000,37.16929354628572,6.563123925,15.456279292789915,325.82602722674056,57.53234432655,135.4897442805964,2022-05-03,68.65419282813963,135.4897442805964,135.625234024877,2.8452846298925243,68.65419282813963,506.71136175412835
4308,1651622400,36.53147935542857,6.3846039,15.16665955839664,320.2349480296868,55.9674377874,132.95093768890496,2022-05-04,67.36775068283329,132.95093768890496,133.08388862659385,2.791969691467004,67.36775068283329,506.71136175412835
4309,1651708800,37.39714945714286,6.475104877857143,15.50355296458017,327.82341214131424,56.76076935929572,135.90414528750975,2022-05-05,68.86417452666497,135.90414528750975,136.04004943279728,2.853987051037705,68.86417452666497,506.71136175412835
4310,1651795200,37.120126608,6.363979844285715,15.36532824785311,325.395029845728,55.78664731500857,134.69246742068034,2022-05-06,68.2502035847565,134.69246742068034,134.82715988810102,2.828541815834287,68.2502035847565,506.71136175412835
4311,1651881600,36.87775207200001,6.258735175,15.241423536705884,323.2703746631519,54.86407254405,133.60631872276377,2022-05-07,67.69983969896772,133.60631872276377,133.73992504148654,2.8057326931780397,67.69983969896772,506.71136175412835
4312,1651968000,36.462229488,6.188214450000001,15.069689758588238,319.627903691808,54.2458878687,132.10090042378448,2022-05-08,66.93702714268234,132.10090042378448,132.23300132420826,2.774118908899474,66.93702714268234,506.71136175412835
4313,1652054400,35.883751556571426,6.158832467857144,14.944104291810758,314.5569661449052,53.988325413235714,131.0000182220131,2022-05-09,66.37919762309188,131.0000182220131,131.1310182402351,2.751000382662275,66.37919762309188,506.71136175412835
4314,1652140800,35.600040860571426,6.178763014285715,14.939166777080674,312.0699581837691,54.163036583228575,130.9567359678892,2022-05-10,66.35726601316497,130.9567359678892,131.08769270385707,2.750091455325673,66.35726601316497,506.71136175412835
4315,1652227200,35.41315865828572,6.214549117857144,14.973294893428235,310.43174879853257,54.47673756713572,131.25590303579193,2022-05-11,66.50885736553396,131.25590303579193,131.38715893882772,2.7563739637516305,66.50885736553396,506.71136175412835
4316,1652313600,33.72836161885714,6.124050232142857,14.65909741823736,295.6628179509017,53.683424334964286,128.50164796826868,2022-05-12,65.11324502965104,128.50164796826868,128.63014961623696,2.6985346073336425,65.11324502965104,506.71136175412835
4317,1652400000,33.03540462685714,6.226492367857142,14.802941432047684,289.5883569590297,54.58143209663571,129.76258459333,2022-05-13,65.75217594402152,129.76258459333,129.8923471779233,2.72501427645993,65.75217594402152,506.71136175412835
4318,1652486400,32.00211941314286,6.255251396428572,14.774994289257767,280.53057877561025,54.833533741092864,129.51759993963358,2022-05-14,65.62803943653815,129.51759993963358,129.64711753957323,2.719869598732305,65.62803943653815,506.71136175412835
4319,1652572800,30.02529465257143,6.096370460714286,14.303305177533876,263.2017329244411,53.44078345862143,125.38277318626196,2022-05-15,63.532875741719806,125.38277318626196,125.50815595944822,2.633038236911501,63.532875741719806,506.71136175412835
4320,1652659200,29.620998774857146,6.1963803,14.486920896368977,259.6576752603977,54.3174697098,126.99234857757048,2022-05-16,64.34846588009569,126.99234857757048,127.11934092614804,2.66683932012898,64.34846588009569,506.71136175412835
4321,1652745600,28.79578909542857,6.201058403571429,14.44963473597061,252.42388721052689,54.358477965707145,126.66549809551836,2022-05-17,64.18284702724506,126.66549809551836,126.79216359361388,2.659975460005885,64.18284702724506,506.71136175412835
4322,1652832000,27.650973068571428,6.133251692857144,14.24441199387755,242.38842991909715,53.76408433958572,124.86651553833062,2022-05-18,63.271282125920536,124.86651553833062,124.99138205386893,2.622196826304943,63.271282125920536,506.71136175412835
4323,1652918400,27.28969548,6.05311685,14.05829967142857,239.22147057768,53.0616223071,123.23505491974284,2022-05-19,62.44460249422769,123.23505491974284,123.3582899746626,2.5879361533145997,62.44460249422769,506.71136175412835
4324,1653004800,26.622737982857146,5.905179264285715,13.71471619795918,233.3749211577257,51.764801430728575,120.2232021913102,2022-05-20,60.91846249680069,120.2232021913102,120.3434253935015,2.524687246017514,60.91846249680069,506.71136175412835
4325,1653091200,26.455998608571427,5.868194867857143,13.628820329591836,231.91328380273717,51.440596211635714,119.47023900920205,2022-05-21,60.536927497443955,119.47023900920205,119.58970924821125,2.5088750191932427,60.536927497443955,506.71136175412835
4326,1653177600,26.314665617142857,5.868194867857143,13.600460176524235,230.67435879987428,51.44059621163571,119.22163390741144,2022-05-22,60.410956467776614,119.22163390741144,119.34085554131885,2.50365431205564,60.410956467776614,506.71136175412835
4327,1653264000,26.01815129142857,5.843538603571429,13.506002620911987,228.07511422066287,51.22445939890714,118.39361897491447,2022-05-23,59.99139189377832,118.39361897491447,118.5120125938894,2.486265998473204,59.99139189377832,506.71136175412835
4328,1653350400,25.12879910571429,5.6771068357142855,13.091571373080356,220.27905296069144,49.76551852187144,114.76071465642242,2022-05-24,58.15055799943276,114.76071465642242,114.87547537107885,2.409975007784871,58.15055799943276,506.71136175412835
4329,1653436800,25.167210222857143,5.72192775,13.16282750104592,220.6157648135657,50.1584186565,115.38534587416852,2022-05-25,58.467065734371026,115.38534587416852,115.50073122004268,2.423092263357539,58.467065734371026,506.71136175412835
4330,1653523200,25.369214374285715,5.801395992857144,13.31603457958546,222.38653320498855,50.85503727338571,116.72835912464612,2022-05-26,59.14758580737437,116.72835912464612,116.84508748377077,2.4512955416175686,59.14758580737437,506.71136175412835
4331,1653609600,25.328056294285712,5.826191132142857,13.342931034489794,222.02574147570857,51.07239146436429,116.96413344833752,2022-05-27,59.2670553359987,116.96413344833752,117.08109758178585,2.456246802415088,59.2670553359987,506.71136175412835
4332,1653696000,25.347137142857143,5.866806117857143,13.404345017544642,222.1930041942857,51.42842242913572,117.50248842379632,2022-05-28,59.53984591872054,117.50248842379632,117.61999091222013,2.467552256899723,59.53984591872054,506.71136175412835
4333,1653782400,25.89430285714285,5.993452182142858,13.693703061205357,226.98945884571427,52.53860182866429,120.03900103452617,2022-05-29,60.82512567780997,120.03900103452617,120.1590400355607,2.5208190217250492,60.82512567780997,506.71136175412835
4334,1653868800,25.556862857142857,5.915348882142857,13.515254419955358,224.0314598057143,51.85394830086428,118.47472024532864,2022-05-30,60.03248682894987,118.47472024532864,118.59319496557397,2.4879691251519014,60.03248682894987,506.71136175412835
4335,1653955200,26.080851428571428,6.036630403571428,13.792355678258929,228.6247436228571,52.91710211770714,120.90378987561778,2022-05-31,61.263324009109276,120.90378987561778,121.0246936654934,2.5389795873879737,61.263324009109276,506.71136175412835
4336,1654041600,25.783577142857144,5.967823792857142,13.635147900982142,226.0188372342857,52.31394336818572,119.52570650000948,2022-06-01,60.565033505244074,119.52570650000948,119.64523220650949,2.5100398365001992,60.565033505244074,506.71136175412835
4337,1654128000,25.51447296,5.873472117857142,13.447374209177296,223.65986996736,51.48685658513572,117.87968231764818,2022-06-02,59.73097435031955,117.87968231764818,117.99756199996582,2.4754733286706117,59.73097435031955,506.71136175412835
4338,1654214400,25.800346697142857,5.902957264285713,13.546543142028062,226.16583914715423,51.74532337872857,118.74899718301798,2022-06-03,60.17146606954419,118.74899718301798,118.867746180201,2.4937289408433774,60.17146606954419,506.71136175412835
4339,1654300800,25.725095734285716,5.849883207142858,13.456193097748724,225.50618920674856,51.28007619381429,117.95698869486532,2022-06-04,59.77014636999153,117.95698869486532,118.07494568356017,2.4770967625921716,59.77014636999153,506.71136175412835
4340,1654387200,25.810465294285716,5.8321905321428575,13.44823829797194,226.25453876970852,51.12498220476429,117.887256920022,2022-06-05,59.73481248740313,117.887256920022,118.00514417694203,2.4756323953204618,59.73481248740313,506.71136175412835
4341,1654473600,25.87479384,5.808601621428572,13.42770150197704,226.81844280144,50.91820181344286,117.70723136633072,2022-06-06,59.643591493941685,117.70723136633072,117.82493859769704,2.471851858692945,59.643591493941685,506.71136175412835
4342,1654560000,26.461993628571427,5.902957264285715,13.679310502729592,231.96583614805715,51.74532337872857,119.9128358669276,2022-06-07,60.76119635393017,119.9128358669276,120.03274870279454,2.5181695532054795,60.76119635393017,506.71136175412835
4343,1654646400,27.764350834285715,6.158399971428572,14.302818604081631,243.38229941334856,53.98453414954286,125.37850788337958,2022-06-08,63.53071446428798,125.37850788337958,125.50388639126295,2.632948665550971,63.53071446428798,506.71136175412835
4344,1654732800,28.372759037142856,6.293350760714286,14.616240380612243,248.7156057195943,55.16751276842143,128.12596317644693,2022-06-09,64.92288127719672,128.12596317644693,128.25408913962337,2.6906452267053855,64.92288127719672,506.71136175412835
4345,1654819200,28.529534477142857,6.328125060714286,14.697003323469389,250.0898992266343,55.47234428222144,128.83393113353264,2022-06-10,65.28161668480992,128.83393113353264,128.96276506466617,2.7055125538041858,65.28161668480992,506.71136175412835
4346,1654905600,28.98116724,6.4283015500000005,14.929662157142856,254.04891202584,56.3504913873,130.87341846951426,2022-06-11,66.31504809010546,130.87341846951426,131.00429188798378,2.7483417878598,66.31504809010546,506.71136175412835
4347,1654992000,28.51962420857143,6.325926867857143,14.691898043877552,250.00302581233717,55.45307492363572,128.7891782526306,2022-06-12,65.25893989158561,128.7891782526306,128.9179674308832,2.704572743305242,65.25893989158561,506.71136175412835
4348,1655078400,27.96399852,6.235800960714286,14.452621813577805,245.13241102632,54.66303122162143,126.69168281782304,2022-06-13,64.19611512354122,126.69168281782304,126.81837450064086,2.6605253391742836,64.19611512354122,506.71136175412835
4349,1655164800,27.424815874285716,6.152559285714287,14.226405753494898,240.40593595398852,53.93333469857144,124.70867283513628,2022-06-14,63.19130143484198,124.70867283513628,124.83338150797141,2.618882129537862,63.19130143484198,506.71136175412835
4350,1655251200,26.84999825828572,6.080689489285715,13.98718377099164,235.36708473213253,53.30332406307856,122.61165293651273,2022-06-15,62.12871762638493,122.61165293651273,122.73426458944924,2.574844711666767,62.12871762638493,506.71136175412835
4351,1655337600,25.866471838285715,5.919411967857143,13.423345004022252,226.7454921344126,51.88956531023571,117.66904230525908,2022-06-16,59.62424066280197,117.66904230525908,117.78671134756435,2.4710498884104406,59.62424066280197,506.71136175412835
4352,1655424000,24.535849537714288,5.686459075,12.654961039973273,215.08125704760343,49.84750025145,110.93338847640572,2022-06-17,56.211208338879274,110.93338847640572,111.04432186488214,2.3296011580045204,56.211208338879274,506.71136175412835
4353,1655510400,23.810710880571428,5.698406292857143,12.268942826444274,208.72469157908915,49.95222956318571,107.5495528166105,2022-06-18,54.49658036375226,107.5495528166105,107.65710236942711,2.2585406091488207,54.49658036375226,506.71136175412835
4354,1655596800,23.30813206628571,5.734243978571428,11.999413870232134,204.31908569306057,50.266382716157146,105.1868619864549,2022-06-19,53.29937807580012,105.1868619864549,105.29204884844134,2.2089241017155525,53.29937807580012,506.71136175412835
4355,1655683200,22.771358352,5.728272353571429,11.665394654445947,199.613727313632,50.21403545140714,102.2588495408732,2022-06-20,51.81572090226638,102.2588495408732,102.36110839041407,2.1474358403583373,51.81572090226638,506.71136175412835
4356,1655769600,22.100390352,5.752166789285714,11.319895164523896,193.732021825632,50.423494074878576,99.23020101221644,2022-06-21,50.281070282036076,99.23020101221644,99.32943121322866,2.0838342212565455,50.281070282036076,506.71136175412835
4357,1655856000,20.556041619428573,5.532772064285714,10.511632782550594,180.19426083591088,48.500279915528566,92.1449729718385,2022-06-22,46.690904733357634,92.1449729718385,92.23711794481035,1.9350444324086085,46.690904733357634,506.71136175412835
4358,1655942400,20.46640496742857,5.708508457142857,10.646984277535289,179.40850594447883,50.04078513531429,93.33146417687432,2022-06-23,47.29211330757063,93.33146417687432,93.42479564105119,1.9599607477143606,47.29211330757063,506.71136175412835
4359,1656028800,20.264399209714288,5.815799314285714,10.731370558635287,177.63772347235542,50.981296789028576,94.07119431699694,2022-06-24,47.66694297420274,94.07119431699694,94.16526551131393,1.9754950806569356,47.66694297420274,506.71136175412835
4360,1656115200,19.682135969142852,5.764693314285715,10.567415111046945,172.53360390550628,50.53330159302857,92.63396086343748,2022-06-25,46.93868045379104,92.63396086343748,92.72659482430092,1.9453131781321873,46.93868045379104,506.71136175412835
4361,1656201600,19.35991878514286,5.775148617857143,10.524949723238672,169.70904807056226,50.62495278413571,92.2617092739102,2022-06-26,46.750056343946525,92.2617092739102,92.35397098318411,1.9374958947521144,46.750056343946525,506.71136175412835
4362,1656288000,18.691991928,5.779910046428571,10.44652705307154,163.85400124084802,50.66669146699286,91.57425614722511,2022-06-27,46.4017160339818,91.57425614722511,91.66583040337234,1.9230593790917272,46.4017160339818,506.71136175412835
4363,1656374400,17.986562499428572,5.735477982142858,10.305303325745893,157.67020686999086,50.277199991464286,90.33628895348848,2022-06-28,45.77442399143657,90.33628895348848,90.42662524244197,1.8970620680232582,45.77442399143657,506.71136175412835
4364,1656460800,17.81166849942857,5.850010178571429,10.454253714524487,156.13708606599087,51.28118922535714,91.64198806152169,2022-06-29,46.43603656450922,91.64198806152169,91.7336300495832,1.9244817492919553,46.43603656450922,506.71136175412835
4365,1656547200,17.754024694285715,5.960828460714285,10.620974699937756,155.6317804701086,52.25262228662143,93.10346421965438,2022-06-30,47.17658313876784,93.10346421965438,93.19656768387405,1.9551727486127422,47.17658313876784,506.71136175412835
4366,1656633600,17.522885861142857,5.819470736428571,10.600935023625723,153.6056174587783,51.01348047553285,92.92779641710312,2022-07-01,47.087570267320736,92.92779641710312,93.02072421352023,1.9514837247591654,47.087570267320736,506.71136175412835
4367,1656720000,16.943531101714285,5.568037079999999,10.389619844300537,148.5269936376274,48.80941304328,91.07540755513853,2022-07-02,46.148943784576474,91.07540755513853,91.16648296269365,1.912583558657909,46.148943784576474,506.71136175412835
4368,1656806400,16.887100285714286,5.469944653571429,10.484277199044898,148.03232110457142,47.949534833207146,91.9051739268276,2022-07-03,46.56939583271282,91.9051739268276,91.99707910075443,1.9300086524633797,46.56939583271282,506.71136175412835
4369,1656892800,17.001760285714287,5.328799029285714,10.50653775246015,149.03743066457142,46.712252290718574,92.10030993806568,2022-07-04,46.66827346669454,92.10030993806568,92.19241024800374,1.9341065086993792,46.66827346669454,506.71136175412835
4370,1656979200,16.54314257142857,5.015329225,10.176549918965843,145.01718778114284,43.96437598635,89.2076365896546,2022-07-05,45.202523015211284,89.2076365896546,89.29684422624425,1.8733603683827467,45.202523015211284,506.71136175412835
4371,1657065600,16.14912,4.713479542857144,9.884112707230935,141.56318592,41.3183616726857,86.64413199158638,2022-07-06,43.90356610946117,86.64413199158638,86.73077612357797,1.819526771823314,43.90356610946117,506.71136175412835
4372,1657152000,15.883507714285711,4.421927820714286,9.662810156586469,139.23482862342854,38.76261927638142,84.70419383263697,2022-07-07,42.920577403221124,84.70419383263697,84.78889802646961,1.7787880704853765,42.920577403221124,506.71136175412835
4373,1657238400,16.078608,4.4762432400000005,9.781500376421052,140.94507772799997,39.23874824183999,85.74463229970695,2022-07-08,43.447779395691526,85.74463229970695,85.83037693200666,1.800637278293846,43.447779395691526,506.71136175412835
4374,1657324800,15.982110857142857,4.449378682857143,9.7227958642406,140.09918377371426,39.00325353392571,85.23002854593312,2022-07-09,43.18702382685301,85.23002854593312,85.31525857447905,1.7898305994645956,43.18702382685301,506.71136175412835
4375,1657411200,15.913983428571424,4.430412181428571,9.681350207488723,139.50197873485712,38.83699318240285,84.86671591884614,2022-07-10,43.00292919083929,84.86671591884614,84.95158263476499,1.782201034295769,43.00292919083929,506.71136175412835
4376,1657497600,15.557958,4.331295615,9.464760384315792,136.381059828,37.96813736109,82.96808952891222,2022-07-11,42.040873627333546,82.96808952891222,83.05105761844112,1.7423298801071565,42.040873627333546,506.71136175412835
4377,1657584000,16.06356514285714,4.472055347142857,9.772348980180452,140.8132120422857,39.202037173054286,85.66441116026184,2022-07-12,43.40713043288182,85.66441116026184,85.75007557142212,1.7989526343654985,43.40713043288182,506.71136175412835
4378,1657670400,15.760601999999995,4.387711185,9.588039859894735,138.157437132,38.46267624771,84.04875741183727,2022-07-13,42.58846032189445,84.04875741183727,84.13280616924911,1.7650239056485826,42.58846032189445,506.71136175412835
4379,1657756800,15.22771714285714,4.239357407142857,9.263856732180452,133.4861684742857,37.16220703101429,81.20696811429384,2022-07-14,41.14849339711791,81.20696811429384,81.28817508240813,1.7053463304001706,41.14849339711791,506.71136175412835
4380,1657843200,15.470540494285713,4.212381172857143,9.231020502069985,135.61475797290856,36.92573336126571,80.91912572114548,2022-07-15,41.00264038611514,80.91912572114548,81.00004484686663,1.6993016401440548,41.00264038611514,506.71136175412835
4381,1657929600,16.050695413714287,4.2753205492857145,9.395771585105845,140.70039599661942,37.47745993503857,82.36333371503781,2022-07-16,41.73443698535652,82.36333371503781,82.44569704875285,1.729630008015794,41.73443698535652,506.71136175412835
4382,1658016000,15.879053585142858,4.144946791428572,9.133680812530942,139.19578372736228,36.33460357366285,80.06584600264624,2022-07-17,40.57027385799721,80.06584600264624,80.1459118486489,1.6813827660555711,40.57027385799721,506.71136175412835
4383,1658102400,16.32163805142857,4.180909933571429,9.236357126017351,143.07547915882284,36.64985647768714,80.96590656666811,2022-07-18,41.02634477205392,80.96590656666811,81.04687247323479,1.7002840379000304,41.02634477205392,506.71136175412835
4384,1658188800,16.441871034857144,4.122468664285714,9.134027943704456,144.1294414915577,36.13756031112856,80.06888895451324,2022-07-19,40.57181575628149,80.06888895451324,80.14895784346777,1.6814466680447782,40.57181575628149,506.71136175412835
4385,1658275200,17.001683676,4.194398050714286,9.314378349749566,149.03675910381597,36.76809331256142,81.64984061390469,2022-07-20,41.37290192447918,81.64984061390469,81.73149045451859,1.7146466528919986,41.37290192447918,506.71136175412835
4386,1658361600,17.543022490285715,4.253726532857143,9.46925228591209,153.78213514984458,37.28816678702571,83.00746553830537,2022-07-21,42.06082589867359,83.00746553830537,83.09047300384367,1.743156776304413,42.06082589867359,506.71136175412835
4387,1658448000,17.235039406285715,4.179048647857142,9.30301129045055,151.08235543550057,36.633540447115706,81.55019697208952,2022-07-22,41.32241135904488,81.55019697208952,81.63174716906161,1.7125541364138799,41.32241135904488,506.71136175412835
4388,1658534400,17.20325982,4.171342924999999,9.28585752346154,150.80377558211998,36.56599208055,81.39982705066384,2022-07-23,41.24621721139241,81.39982705066384,81.48122687771452,1.709396368063941,41.24621721139241,506.71136175412835
4389,1658620800,17.86825679142857,4.284344682857143,9.568024482611811,156.63313903366287,37.55656548992571,83.87330261457517,2022-07-24,42.49955538264748,83.87330261457517,83.95717591718973,1.7613393549060783,42.49955538264748,506.71136175412835
4390,1658707200,18.12028803942857,4.3018221557142855,9.634619331116758,158.84244495363083,37.70977301699143,84.4570730565695,2022-07-25,42.79535849826223,84.4570730565695,84.54153012962608,1.7735985341879594,42.79535849826223,506.71136175412835
4391,1658793600,18.582353341714285,4.364696387142858,9.80578201683022,162.89290939346742,38.26092852969428,85.9574851595337,2022-07-26,43.5556343581476,85.9574851595337,86.04344264469323,1.8051071883502077,43.5556343581476,506.71136175412835
4392,1658880000,19.36130955771429,4.502872034285715,10.145548674044509,169.7212395829234,39.47217625254858,88.93587967667415,2022-07-27,45.064820699768866,88.93587967667415,89.02481555635083,1.8676534732101573,45.064820699768866,506.71136175412835
4393,1658966400,19.479555886285716,4.488217511428571,10.140419205209616,170.75778689918053,39.34371470518285,88.8909147528675,2022-07-28,45.04203646199563,88.8909147528675,88.97980566762037,1.8667092098102178,45.04203646199563,506.71136175412835
4394,1659052800,20.083408476,4.548002008571429,10.332904852246871,176.051158700616,39.86778560713714,90.57824393479608,2022-07-29,45.897025329498135,90.57824393479608,90.66882217873088,1.9021431226307177,45.897025329498135,506.71136175412835
4395,1659139200,19.958802857142853,4.441241762142857,10.147727765138592,174.95886584571426,38.931925286944285,88.95498158920488,2022-07-30,45.07449985587942,88.95498158920488,89.04393657079407,1.8680546133733025,45.07449985587942,506.71136175412835
4396,1659225600,20.04375942857143,4.419889712857143,10.131423002692683,175.70359515085715,38.74475322290572,88.81205404160406,2022-07-31,45.00207684360243,88.81205404160406,88.90086609564565,1.865053134873685,45.00207684360243,506.71136175412835
4397,1659312000,20.090952,4.394266012857143,10.102024298455229,176.11728523200003,38.52013586870572,88.55434500025854,2022-08-01,44.87149274432589,88.55434500025854,88.64289934525878,1.8596412450054292,44.87149274432589,506.71136175412835
4398,1659398400,20.17944857142857,4.3729139635714285,10.086355132576395,176.89304617714288,38.33296380466714,88.41698909216468,2022-08-02,44.80189294509068,88.41698909216468,88.50540608125687,1.8567567709354584,44.80189294509068,506.71136175412835
4399,1659484800,19.972959428571425,4.287505766428572,9.923046757668727,175.08296235085714,37.58427554851285,86.98542787772408,2022-08-03,44.07650461268709,86.98542787772408,87.0724133056018,1.8266939854322055,44.07650461268709,506.71136175412835
